sample_id,color,nominal_wavelength_nm,intensity,reference_name,reference_ppfd,distance_cm,replicate,gain,atime,astep,integration_ms,burst,saturated,mean_F1_415,mean_F2_445,mean_F3_480,mean_F4_515,mean_F5_555,mean_F6_590,mean_F7_630,mean_F8_680,mean_Clear,mean_NIR,sd_F1_415,sd_F2_445,sd_F3_480,sd_F4_515,sd_F5_555,sd_F6_590,sd_F7_630,sd_F8_680,sd_Clear,sd_NIR
1,Red,660,Minimum,PHOTOBIO,75,1,1,1,35,999,100.08,10,0,3,3,3,3,3,5,30.7,24,17.3,4,0,0,0,0,0,0,0.64,0,0.46,0
2,Red,660,Minimum,PHOTOBIO,75,1,2,1,35,999,100.08,10,0,3,3,3,3,3,5,30.4,23.8,16.9,4,0,0,0,0,0,0,0.66,0.4,0.54,0
3,Red,660,Minimum,PHOTOBIO,75,1,3,1,35,999,100.08,10,0,3,3,3,3,3,5,30.4,23.8,17,4,0,0,0,0,0,0,0.8,0.4,0,0
4,Red,660,Minimum,PHOTOBIO,75,1,4,1,35,999,100.08,10,0,3,3,3,3,3,5,29.8,23.7,16.9,4,0,0,0,0,0,0,0.4,0.46,0.3,0
5,Red,660,Minimum,PHOTOBIO,100,3,1,1,35,999,100.08,10,0,25.7,20.7,29,15.4,32.4,59.9,412.4,193.3,199.3,27.7,0.78,0.46,0.63,0.66,0.8,2.39,10.37,9.23,3.85,0.46
6,Red,660,Minimum,PHOTOBIO,100,3,2,1,35,999,100.08,10,0,24.3,19.6,27.7,14.5,30.6,54.9,389.5,168.1,194.7,27.1,0.78,0.49,0.78,0.67,0.8,1.14,6.09,8.28,2.15,0.3
7,Red,660,Minimum,PHOTOBIO,100,3,3,1,35,999,100.08,10,0,25.2,20.2,28.6,15.1,32,56.3,401.5,183.8,191.1,27,0.4,0.4,0.66,0.3,1,1.73,10.84,9.31,1.58,0
8,Red,660,Minimum,PHOTOBIO,100,3,4,1,35,999,100.08,10,0,24.7,20,28.2,14.6,31.4,55.8,397.6,180.4,191.4,27,0.64,0.45,0.4,0.49,0.8,0.98,6.58,7.43,3.14,0.45
9,Red,660,Minimum,PHOTOBIO,98,5,1,1,35,999,100.08,10,0,33.1,62.4,43,33.3,53.8,236.1,906.4,568.2,266.9,31.5,0.54,0.66,0.63,0.46,0.6,5.47,9.66,11.76,2.43,0.5
10,Red,660,Minimum,PHOTOBIO,98,5,2,1,35,999,100.08,10,0,33.3,61.2,43,32.8,53.1,230,893.4,554.7,267.3,31.2,0.46,0.6,0.45,0.4,0.3,2.76,5.89,6.2,2.15,0.4
11,Red,660,Minimum,PHOTOBIO,98,5,3,1,35,999,100.08,10,0,32.8,61.5,42.7,32.6,53.4,232.9,899.4,561.9,267.8,31.4,0.6,0.67,0.46,0.49,0.49,3.73,10.26,8.35,1.99,0.49
12,Red,660,Minimum,PHOTOBIO,98,5,4,1,35,999,100.08,10,0,33.7,62.8,43,33.6,53.8,236.5,898.7,569.5,265.5,31.2,0.46,0.98,0,0.49,0.75,2.84,6.75,6.1,2.25,0.4
13,Red,660,Minimum,PHOTOBIO,84,8,1,1,35,999,100.08,10,0,32.7,64.6,42.3,28.5,50.3,248.8,827.4,557.9,351.9,33.7,0.46,0.8,0.46,0.5,0.46,2.68,6.86,6.09,2.34,0.46
14,Red,660,Minimum,PHOTOBIO,84,8,2,1,35,999,100.08,10,0,33.2,65,42.7,28.6,50.2,252.6,822.4,572,350.6,33.6,0.4,1,0.46,0.49,0.4,4.29,5.52,11.75,2.91,0.49
15,Red,660,Minimum,PHOTOBIO,84,8,3,1,35,999,100.08,10,0,33.5,68,42.7,28.7,50.2,268.1,825.8,608.7,345.6,33.2,0.5,1.48,0.46,0.46,0.6,6.17,4.87,14.28,2.42,0.4
16,Red,660,Minimum,PHOTOBIO,84,8,4,1,35,999,100.08,10,0,33.9,67,42.9,28.7,50.1,263.1,820.4,600.4,348.1,33.4,0.3,0.77,0.3,0.46,0.7,4.44,7.03,9.73,2.98,0.49
17,Red,660,Minimum,PHOTOBIO,62.5,12,1,1,35,999,100.08,10,0,27.4,71.1,32.6,26.8,49.6,401.8,821.8,623.3,257.7,23,0.49,0.7,0.49,0.4,0.49,2.82,5.79,4.56,2.24,0
18,Red,660,Minimum,PHOTOBIO,62.5,12,2,1,35,999,100.08,10,0,27.8,70.9,32.6,26.8,50.6,409.9,829.6,623.1,256.8,23,0.4,0.83,0.49,0.4,0.8,5.41,7.64,4.7,2.18,0
19,Red,660,Minimum,PHOTOBIO,62.5,12,3,1,35,999,100.08,10,0,27.7,71.6,32.7,26.7,50.6,410.3,829.6,622.2,256.4,22.9,0.46,0.49,0.46,0.46,0.66,4.22,7.27,4.53,1.91,0.3
20,Red,660,Minimum,PHOTOBIO,62.5,12,4,1,35,999,100.08,10,0,27.2,70.4,32.2,26.8,48.6,392.4,811.8,617.8,258.1,23,0.75,0.92,0.75,0.4,1.69,16.88,17.07,4.21,2.39,0
21,Red,660,Minimum,PHOTOBIO,38.4,18,1,1,35,999,100.08,10,0,22,46.4,24.3,18.5,52,359,683.3,355.4,175.2,15.1,0,0.49,0.46,0.5,0.45,2.65,4.54,2.73,1.25,0.3
22,Red,660,Minimum,PHOTOBIO,38.4,18,2,1,35,999,100.08,10,0,21.9,46.3,24.2,18.3,51.8,359.1,683.2,356.6,175.3,15.2,0.3,0.46,0.6,0.46,0.6,3.11,5.4,2.84,1.79,0.4
23,Red,660,Minimum,PHOTOBIO,38.4,18,3,1,35,999,100.08,10,0,21.8,46.2,24,18.1,52.1,359.8,685,353.7,177.2,15.5,0.4,0.4,0.45,0.54,0.54,1.6,2.53,1.73,2.09,0.5
24,Red,660,Minimum,PHOTOBIO,38.4,18,4,1,35,999,100.08,10,0,22.2,46,24.3,18.6,53.1,364.2,692.9,354.9,181.7,16,0.4,0,0.46,0.49,0.54,2.18,4.3,2.98,1.68,0
25,Red,660,Minimum,PHOTOBIO,21.4,26,1,1,35,999,100.08,10,0,14.1,25.9,14.2,10.8,36.7,231.8,436.2,188.6,162,15.2,0.7,0.3,0.75,0.4,0.46,1.47,3.66,1.11,3.38,0.4
26,Red,660,Minimum,PHOTOBIO,21.4,26,2,1,35,999,100.08,10,0,13.9,26,14,10.8,36.5,230.7,429.8,189.1,166.2,15.4,0.54,0,0.77,0.4,0.5,2.19,5.62,1.58,4.28,0.49
27,Red,660,Minimum,PHOTOBIO,21.4,26,3,1,35,999,100.08,10,0,13.8,26,14,10.8,36.3,230.3,427.2,190,162.9,15,0.4,0,0.63,0.4,0.46,1.73,3.89,1.48,2.12,0
28,Red,660,Minimum,PHOTOBIO,21.4,26,4,1,35,999,100.08,10,0,14,25.9,14.2,10.8,36.4,230.7,430,188.9,166.3,15.1,0.45,0.3,0.4,0.4,0.49,1.85,3.22,1.51,2.61,0.3
29,Red,660,Minimum,PHOTOBIO,12.8,35,1,1,35,999,100.08,10,0,10,15.2,9.9,7,26.7,156.9,288.7,110.1,274.6,19,0,0.4,0.3,0,0.46,0.54,0.64,0.3,2.42,0
30,Red,660,Minimum,PHOTOBIO,12.8,35,2,1,35,999,100.08,10,0,10,15.3,9.7,7,27,157.7,290.5,110.8,272.2,19,0,0.46,0.46,0,0,1.19,2.46,0.87,2.93,0
31,Red,660,Minimum,PHOTOBIO,12.8,35,3,1,35,999,100.08,10,0,10,15.4,10,7,27,157.7,290.6,110.7,270.6,19,0,0.49,0,0,0,1.35,2.06,0.78,4.76,0
32,Red,660,Minimum,PHOTOBIO,12.8,35,4,1,35,999,100.08,10,0,9.9,15.1,10,7,27,156.8,289.1,110.3,272.5,19,0.3,0.3,0,0,0,1.17,2.26,0.9,4.43,0
33,Red,660,Minimum,PHOTOBIO,8,45,1,1,35,999,100.08,10,0,6,10,6,5,17,101.3,189.4,72.1,110.6,10,0,0,0,0,0.45,0.64,1.2,0.7,2.15,0
34,Red,660,Minimum,PHOTOBIO,8,45,2,1,35,999,100.08,10,0,6,10,6,5,16.8,101.4,189.6,72,108.3,10,0,0,0,0,0.4,0.66,1.28,0.63,2.15,0
35,Red,660,Minimum,PHOTOBIO,8,45,3,1,35,999,100.08,10,0,6,10,6,5,17,101.9,191.2,72.8,108.1,10,0,0,0,0,0.45,0.83,1.72,0.87,2.21,0
36,Red,660,Minimum,PHOTOBIO,8,45,4,1,35,999,100.08,10,0,6,10,6,5,17.4,102.4,192.2,73.6,111.7,10,0,0,0,0,0.49,0.8,1.66,0.49,2.97,0
37,Red,660,Maximum,PHOTOBIO,320,1,1,1,35,999,100.08,10,0,9,8,9,7.2,8,12.1,71.2,64.9,51.6,14,0,0,0,0.4,0,0.3,0.75,0.7,0.49,0
38,Red,660,Maximum,PHOTOBIO,320,1,2,1,35,999,100.08,10,0,9,8,9,7.4,8,12.4,72.4,65.9,52.4,14.4,0,0,0,0.49,0,0.49,1.11,0.94,0.49,0.49
39,Red,660,Maximum,PHOTOBIO,320,1,3,1,35,999,100.08,10,0,9,8,9,8,8,13,74,67.8,53.6,15,0,0,0,0,0,0,0.63,0.6,0.49,0
40,Red,660,Maximum,PHOTOBIO,320,1,4,1,35,999,100.08,10,0,9,8,9.1,8,8.7,13,75.9,68.9,54.4,15,0,0,0.3,0,0.46,0,0.7,0.54,0.49,0
41,Red,660,Maximum,PHOTOBIO,403,3,1,1,35,999,100.08,10,0,87,56,81,37,89.2,198.3,1241.4,533.3,915.2,124.2,0,0,1,0,0.4,0.46,5.44,0.78,3.82,0.4
42,Red,660,Maximum,PHOTOBIO,403,3,2,1,35,999,100.08,10,0,85.4,56,77.3,37,86,198.8,1203,528.7,941.6,126.3,1.2,0,1,0,2,0.4,16.09,1.9,8.85,0.78
43,Red,660,Maximum,PHOTOBIO,403,3,3,1,35,999,100.08,10,0,84.5,55.9,77.1,37,86.8,200.5,1211.7,530.6,948.4,126.6,1.8,0.3,0.94,0,2.52,1.2,24.77,2.91,7.99,0.8
44,Red,660,Maximum,PHOTOBIO,403,3,4,1,35,999,100.08,10,0,86,56.5,78.6,37.3,89.6,202.8,1248.5,535.7,945,126.1,0,0.5,1.11,0.46,1.02,1.25,19.28,2.69,3.77,0.3
45,Red,660,Maximum,PHOTOBIO,435,5,1,1,35,999,100.08,10,0,166.7,147.2,188.4,83.8,188.9,592.2,2541.5,1471.7,1357.9,152.4,0.46,1.6,0.8,1.08,1.04,3.34,14.66,10.15,4.11,0.49
46,Red,660,Maximum,PHOTOBIO,435,5,2,1,35,999,100.08,10,0,164.7,142.6,185.6,80,186.2,582.3,2493.8,1440,1371.1,153.5,0.64,0.8,0.66,1,0.6,2.15,8.47,5.69,2.91,0.5
47,Red,660,Maximum,PHOTOBIO,435,5,3,1,35,999,100.08,10,0,164.7,142.1,185.4,79.6,185.7,581.6,2495,1435.5,1371.3,153.7,0.46,0.94,0.49,0.92,0.78,2.91,12.3,8.2,3.35,0.46
48,Red,660,Maximum,PHOTOBIO,435,5,4,1,35,999,100.08,10,0,167.4,145.3,189.4,83.2,186.9,593.5,2536.6,1465.6,1357,152.5,0.66,0.9,0.92,0.75,0.83,2.77,10.44,7.64,3.19,0.5
49,Red,660,Maximum,PHOTOBIO,392,8,1,1,35,999,100.08,10,0,133,342.1,189,138.1,235.3,1466.3,3822.2,2958,1329.6,133.3,0,1.51,0,0.54,0.78,11.99,17.07,13.02,3.32,0.46
50,Red,660,Maximum,PHOTOBIO,392,8,2,1,35,999,100.08,10,0,133,340.4,189.2,137.7,234.2,1445.2,3792.3,2935,1334.6,133.5,1,4.13,0.4,0.9,1.72,26.59,31.74,33.67,6.1,0.5
51,Red,660,Maximum,PHOTOBIO,392,8,3,1,35,999,100.08,10,0,132.3,330.3,188.7,135.1,230.1,1374,3692.5,2852.4,1348.8,134.1,0.78,2.15,0.46,0.83,1.14,16.3,22.8,26.74,3.68,0.3
52,Red,660,Maximum,PHOTOBIO,392,8,4,1,35,999,100.08,10,0,133.7,327.4,189,133.7,228.6,1357.8,3640.8,2847,1347.7,134.1,1,1.2,0,0.46,0.49,8.89,7.91,19.49,3.9,0.3
53,Red,660,Maximum,PHOTOBIO,262,12,1,1,35,999,100.08,10,0,113.4,304,148.4,109,244.6,1840.5,3486.8,2503.2,1034.8,94,0.66,0.89,0.92,0,2.94,15.65,22.45,3.09,0.87,0
54,Red,660,Maximum,PHOTOBIO,262,12,2,1,35,999,100.08,10,0,110.6,299.8,146.5,108.3,235.6,1784.2,3409.1,2506.8,1032.8,93.8,1.2,1.78,0.5,0.46,2.91,18.26,24.43,2.89,0.98,0.4
55,Red,660,Maximum,PHOTOBIO,262,12,3,1,35,999,100.08,10,0,105.1,291.3,142.9,106.4,222.6,1694.3,3284.2,2489.3,1029.3,93,2.3,3.44,0.94,0.66,4.92,36.82,44.33,14.34,1.62,0
56,Red,660,Maximum,PHOTOBIO,262,12,4,1,35,999,100.08,10,0,102.2,287.7,141.7,105.8,217.2,1656.6,3240.2,2481.9,1030,93.2,0.98,1.55,0.46,0.4,1.25,11,12.48,7.27,2.05,0.4
57,Red,660,Maximum,PHOTOBIO,180,18,1,1,35,999,100.08,10,0,93.8,214.9,113,81.9,265.9,1660.4,3105.9,1537.3,909.9,86.9,0.4,0.54,0,0.3,1.64,4.86,20.92,2.24,12.77,1.45
58,Red,660,Maximum,PHOTOBIO,180,18,2,1,35,999,100.08,10,0,93.7,215,113,82,270,1673.3,3157.2,1530.4,956.5,91.7,0.46,0,0,0,1.67,6.05,16.79,1.69,19.75,1.95
59,Red,660,Maximum,PHOTOBIO,180,18,3,1,35,999,100.08,10,0,94,215.2,113,82,271.5,1678.5,3176.6,1528.2,978.8,93.9,0,0.6,0,0,1.57,4.13,19.69,3.82,23.49,2.12
60,Red,660,Maximum,PHOTOBIO,180,18,4,1,35,999,100.08,10,0,94.1,215.3,113.1,82,271.6,1679.1,3166.1,1527.7,975.4,93.6,0.3,0.78,0.3,0,1.91,5.43,18.7,6.72,29.11,3.01
61,Red,660,Maximum,PHOTOBIO,87.3,26,1,1,35,999,100.08,10,0,56,117.1,62.8,47,170.4,1004.3,1881.4,797.1,728,72.5,0,0.3,0.4,0,0.8,2.37,5.82,1.87,16.04,1.69
62,Red,660,Maximum,PHOTOBIO,87.3,26,2,1,35,999,100.08,10,0,56,117.8,62.9,47,170.1,1003.8,1885.5,801.1,699,70.1,0,0.4,0.3,0,0.83,2.18,4.18,2.43,20.96,2.21
63,Red,660,Maximum,PHOTOBIO,87.3,26,3,1,35,999,100.08,10,0,56,118,62.9,47,170.8,1006,1892.4,799.8,715.4,71.7,0,0,0.3,0,0.4,1.26,2.69,0.98,10.38,1.1
64,Red,660,Maximum,PHOTOBIO,87.3,26,4,1,35,999,100.08,10,0,56,118,62.9,47,169.9,1003.9,1887.8,804.7,679.8,68,0,0,0.3,0,0.83,2.95,5.6,2.37,23.43,2.28
65,Red,660,Maximum,PHOTOBIO,51.95,35,1,1,35,999,100.08,10,0,33,66,37,27,103.6,592.2,1110.3,445.6,632.8,60.5,0,0,0,0,0.49,0.87,0.78,0.49,17.97,1.02
66,Red,660,Maximum,PHOTOBIO,51.95,35,2,1,35,999,100.08,10,0,33,66,36.7,27,103.2,591.5,1110.2,445.7,619.4,59.7,0,0,0.46,0,0.6,1.5,1.17,0.78,32.89,1.95
67,Red,660,Maximum,PHOTOBIO,51.95,35,3,1,35,999,100.08,10,0,33,66,37,27,102.9,590.7,1110.7,446.9,620.2,59.5,0,0,0,0,0.54,1.79,1.85,0.7,22.91,1.12
68,Red,660,Maximum,PHOTOBIO,51.95,35,4,1,35,999,100.08,10,0,33,66,36.9,27,102,587.2,1110,448.4,599.6,57.9,0,0,0.3,0,0.45,1.08,1.26,1.02,25.14,1.58
69,Red,660,Maximum,PHOTOBIO,31.5,45,1,1,35,999,100.08,10,0,21,43,24,18,67,383.7,726.1,287.6,217.2,26.2,0,0,0,0,0,0.78,0.54,0.49,6.37,0.75
70,Red,660,Maximum,PHOTOBIO,31.5,45,2,1,35,999,100.08,10,0,21,43,24,18,67.5,384.7,726.1,287.2,231.5,27.6,0,0,0,0,0.5,0.46,0.7,0.6,5.66,0.66
71,Red,660,Maximum,PHOTOBIO,31.5,45,3,1,35,999,100.08,10,0,21,43,24,18,67.6,385.4,725.7,286.5,241.8,28.8,0,0,0,0,0.49,0.66,0.46,0.5,9.45,0.98
72,Red,660,Maximum,PHOTOBIO,31.5,45,4,1,35,999,100.08,10,0,21.5,43,24,18,68.3,387.6,725.4,285.8,280.4,31.6,0.5,0,0,0,0.64,2.06,0.8,1.25,25.95,2.2
73,Green,535,Minimum,PHOTOBIO,115,1,1,1,35,999,100.08,10,0,3,1,3.5,11.9,24,11,8,4,28.2,4,0,0,0.5,0.3,0.63,0,0,0,0.6,0
74,Green,535,Minimum,PHOTOBIO,115,1,2,1,35,999,100.08,10,0,3,1,3.9,11.9,24.8,11,8,4,27.9,4,0,0,0.3,0.3,0.4,0,0,0,0.54,0
75,Green,535,Minimum,PHOTOBIO,115,1,3,1,35,999,100.08,10,0,3,1,4,12,24.7,11,7.9,4,27.3,4,0,0,0,0,0.46,0,0.3,0,0.64,0
76,Green,535,Minimum,PHOTOBIO,115,1,4,1,35,999,100.08,10,0,3,1,4,12.6,25,11,8,4,27.7,4,0,0,0,0.49,0.45,0,0,0,0.78,0
77,Green,535,Minimum,PHOTOBIO,132,3,1,1,35,999,100.08,10,0,19.7,10.1,36.7,159,346.8,89.3,96.1,21.2,249.8,20.9,0.78,0.83,1.55,5.92,15.14,5.12,4.01,0.87,5.91,0.54
78,Green,535,Minimum,PHOTOBIO,132,3,2,1,35,999,100.08,10,0,17.4,9,31.9,143.6,305,79.2,83.7,19.3,262.4,21.6,0.66,0,1.45,3.95,8.27,1.17,3.29,0.46,4.2,0.49
79,Green,535,Minimum,PHOTOBIO,132,3,3,1,35,999,100.08,10,0,17.4,9,31.4,144.8,309.8,79.8,85.3,19.4,264.7,21.7,0.66,0,1.5,4.69,8.6,0.87,4.08,0.49,4.65,0.46
80,Green,535,Minimum,PHOTOBIO,132,3,4,1,35,999,100.08,10,0,17.2,9,30.4,140.9,300.7,79,78.9,19,268.6,22,0.6,0,1.11,2.55,4.73,0.63,3.33,0,3.32,0
81,Green,535,Minimum,PHOTOBIO,121,5,1,1,35,999,100.08,10,0,26.8,22.5,69.1,372.2,621.7,190.8,160.5,42.8,343.8,25,0.4,0.5,0.54,2.48,5.93,2.04,1.69,0.6,2.36,0
82,Green,535,Minimum,PHOTOBIO,121,5,2,1,35,999,100.08,10,0,26.8,24.6,71.2,398.9,650.2,205.2,169,45.4,336.1,24.1,0.4,0.66,0.87,7.61,6.14,3.16,1.84,0.66,3.18,0.3
83,Green,535,Minimum,PHOTOBIO,121,5,3,1,35,999,100.08,10,0,26.7,25.6,72,414.5,665.8,214.7,172.6,47,330,24,0.46,0.66,1,9.69,9.48,4.41,2.2,1,2.24,0
84,Green,535,Minimum,PHOTOBIO,121,5,4,1,35,999,100.08,10,0,27.1,26.8,73.3,431.4,678.1,222.5,175.1,48.3,326.1,23.8,0.7,0.6,1.19,9.96,7.71,3.47,1.81,0.64,2.98,0.4
85,Green,535,Minimum,PHOTOBIO,102.5,8,1,1,35,999,100.08,10,0,32,41.9,95.7,685,670.7,353.8,132.8,72.6,341.5,21.1,0,0.3,0.46,4.84,5.87,3.37,1.17,0.8,2.97,0.3
86,Green,535,Minimum,PHOTOBIO,102.5,8,2,1,35,999,100.08,10,0,31.7,41.7,94.9,679.7,680.7,350.8,134.8,72.3,344,21.6,0.46,0.64,1.14,15,14.35,3.57,2.71,1.19,3.29,0.49
87,Green,535,Minimum,PHOTOBIO,102.5,8,3,1,35,999,100.08,10,0,31.8,40.4,93.9,661.2,673.2,339.3,134.2,70.3,347.3,21.5,0.4,0.8,1.04,14.99,10.58,4.2,1.6,1.19,2.87,0.5
88,Green,535,Minimum,PHOTOBIO,102.5,8,4,1,35,999,100.08,10,0,31.9,38.3,92,625,662.6,332.4,133.1,68.6,350.7,21.9,0.3,0.46,0.89,7.03,6.83,3.85,1.45,0.8,3.69,0.3
89,Green,535,Minimum,PHOTOBIO,71,12,1,1,35,999,100.08,10,0,23.4,41.9,139.8,872.7,691.7,300.6,127.9,59.6,244.9,14,0.66,0.3,2.14,7.63,5.02,1.2,0.83,0.66,1.3,0
90,Green,535,Minimum,PHOTOBIO,71,12,2,1,35,999,100.08,10,0,24,42,144.1,883.7,694.7,298.9,128.1,59.2,245.2,14,0,0,1.3,5.73,8.46,2.55,1.7,0.75,3.19,0
91,Green,535,Minimum,PHOTOBIO,71,12,3,1,35,999,100.08,10,0,23.9,42,145.8,890,698.6,299.7,128.6,59.4,246.4,14,0.3,0,1.4,4.12,6.59,2.69,1.2,0.66,2.46,0
92,Green,535,Minimum,PHOTOBIO,71,12,4,1,35,999,100.08,10,0,23.6,41.7,143.2,877.8,694.8,298.4,128.2,58.8,244.5,14,0.49,0.46,2.32,6.71,5.49,2.06,0.87,0.6,2.16,0
93,Green,535,Minimum,PHOTOBIO,46.9,18,1,1,35,999,100.08,10,0,17.9,29,126.2,628.5,475.3,198,86,36.5,198.9,11,0.3,0,1.17,4.41,3.35,1.55,0.77,0.5,3.33,0
94,Green,535,Minimum,PHOTOBIO,46.9,18,2,1,35,999,100.08,10,0,17.9,28.9,124.9,624.9,477.3,199.3,85.6,36.6,193.2,10.6,0.3,0.3,1.04,4.78,2.83,1.27,0.49,0.49,1.6,0.49
95,Green,535,Minimum,PHOTOBIO,46.9,18,3,1,35,999,100.08,10,0,17.8,28.8,125.3,626.4,475.2,198.3,85.8,36.6,195,10.8,0.4,0.4,0.9,4.57,4.12,1.9,0.87,0.49,2.14,0.4
96,Green,535,Minimum,PHOTOBIO,46.9,18,4,1,35,999,100.08,10,0,17.9,28.7,124.4,623.9,473.6,197.8,85.3,36.3,191.1,10.4,0.3,0.46,1.11,5.19,3.56,1.47,0.46,0.46,2.95,0.49
97,Green,535,Minimum,PHOTOBIO,25.8,26,1,1,35,999,100.08,10,0,11.8,18,90.3,391.7,273.7,110.8,53.6,21.6,253.3,13.3,0.4,0,0.9,2.93,1.9,0.75,0.49,0.49,11.58,0.46
98,Green,535,Minimum,PHOTOBIO,25.8,26,2,1,35,999,100.08,10,0,11.9,18,90,390.9,272.5,110.5,53.2,21.3,243,13.1,0.3,0,0.89,2.98,2.46,0.92,0.6,0.46,7.99,0.3
99,Green,535,Minimum,PHOTOBIO,25.8,26,3,1,35,999,100.08,10,0,12,18,90.9,393.5,272.1,110.6,53.2,21.4,256.3,13.5,0,0,0.7,2.87,2.07,0.92,0.75,0.49,9.82,0.5
100,Green,535,Minimum,PHOTOBIO,25.8,26,4,1,35,999,100.08,10,0,11.8,18,90.8,392.5,273,110.5,53.5,21.6,258.7,13.4,0.4,0,0.87,3.17,2.37,0.81,0.67,0.49,8.03,0.49
101,Green,535,Minimum,PHOTOBIO,15.45,35,1,1,35,999,100.08,10,0,8,11,57.6,235.6,158.3,63.1,31,12.9,247,10,0,0,0.66,1.8,1.19,0.7,0.45,0.3,14.14,0
102,Green,535,Minimum,PHOTOBIO,15.45,35,2,1,35,999,100.08,10,0,8,11,57.3,234.4,157.9,62.6,30.9,13,255.6,10,0,0,0.46,1.56,1.22,0.49,0.3,0,4.15,0
103,Green,535,Minimum,PHOTOBIO,15.45,35,3,1,35,999,100.08,10,0,8,10.9,57.7,235.1,157.5,62.8,30.8,12.9,264.5,10,0,0.3,0.46,1.7,1.28,0.4,0.4,0.3,3.07,0
104,Green,535,Minimum,PHOTOBIO,15.45,35,4,1,35,999,100.08,10,0,8,10.6,56.9,232.6,158.1,62.7,30.9,12.9,271.8,10,0,0.49,0.54,1.2,0.94,0.46,0.3,0.3,5.49,0
105,Green,535,Minimum,PHOTOBIO,9.6,45,1,1,35,999,100.08,10,0,5,7,39.9,163.3,109,43.4,22,9,125.5,6,0,0,0.3,1.55,0.89,0.49,0,0,3.47,0
106,Green,535,Minimum,PHOTOBIO,9.6,45,2,1,35,999,100.08,10,0,5,7,39.6,162.9,109.2,43.6,21.7,9,123.2,6,0,0,0.49,1.22,0.98,0.49,0.46,0,4.35,0
107,Green,535,Minimum,PHOTOBIO,9.6,45,3,1,35,999,100.08,10,0,5,7,39.9,163.1,109.6,43.9,21.9,9,129.7,6,0,0,0.3,1.22,0.66,0.3,0.3,0,3.1,0
108,Green,535,Minimum,PHOTOBIO,9.6,45,4,1,35,999,100.08,10,0,5,7,40.2,162.9,109.4,43.3,22,9,135.7,6,0,0,0.6,1.37,1.02,0.46,0,0,4.41,0
109,Green,535,Maximum,PHOTOBIO,362,1,1,1,35,999,100.08,10,0,8,5.5,12,42.5,80.4,39,26,14,58.8,11,0,0.5,0,0.5,0.66,0,0,0,0.4,0
110,Green,535,Maximum,PHOTOBIO,362,1,2,1,35,999,100.08,10,0,7.9,5,12,42.2,80.1,39,26,14,59.8,11,0.3,0,0,0.4,0.3,0,0,0,0.4,0
111,Green,535,Maximum,PHOTOBIO,362,1,3,1,35,999,100.08,10,0,7.6,5,12,42.3,80.2,39,26,14,60.2,11,0.49,0,0,0.46,0.4,0,0,0,0.4,0
112,Green,535,Maximum,PHOTOBIO,362,1,4,1,35,999,100.08,10,0,7.4,5,12,42.4,79.8,39,26,14,60.8,11,0.49,0,0,0.49,0.4,0,0,0,0.4,0
113,Green,535,Maximum,PHOTOBIO,441,3,1,1,35,999,100.08,10,0,34.4,32.1,95,494.8,643.1,266.1,164,61.2,1114.6,84.7,1.43,0.3,0.77,7.39,7.31,1.64,5.51,0.6,21.85,1.27
114,Green,535,Maximum,PHOTOBIO,441,3,2,1,35,999,100.08,10,0,37.2,32.1,97,489.9,674.2,265.7,176.2,61.3,1092.7,83.6,2.99,0.3,1.55,7.65,26.79,1.79,13.08,0.64,25.89,1.43
115,Green,535,Maximum,PHOTOBIO,441,3,3,1,35,999,100.08,10,0,37.4,32,96.1,485.4,666.8,263.8,179.4,61,1083.3,83,1.85,0,1.22,3.88,18.5,0.87,7.64,0,14.32,0.77
116,Green,535,Maximum,PHOTOBIO,441,3,4,1,35,999,100.08,10,0,37.7,32,96,483.7,677.4,263.2,181.6,61,1075.9,82.6,1.73,0,1,5.87,30.96,1.4,8.86,0,19.67,1.02
117,Green,535,Maximum,PHOTOBIO,446,5,1,1,35,999,100.08,10,0,95.4,104.1,283.2,1587,2349.6,795.4,582.9,183.8,1078.6,79.2,0.66,1.87,1.94,27.99,13.2,10.43,2.12,2.82,5.08,0.4
118,Green,535,Maximum,PHOTOBIO,446,5,2,1,35,999,100.08,10,0,93.4,98.9,277.7,1497.5,2297,760,579.3,173.8,1095.2,80.1,1.2,2.77,3.03,44.28,29.68,17.68,2.45,5.08,9.71,0.54
119,Green,535,Maximum,PHOTOBIO,446,5,3,1,35,999,100.08,10,0,94,97.5,277.2,1480.5,2293,753.6,573.6,173.6,1098.8,80.2,1.34,3.64,3.57,55.69,45.66,27.71,4.9,7.31,15.59,0.6
120,Green,535,Maximum,PHOTOBIO,446,5,4,1,35,999,100.08,10,0,90.9,89.8,269,1366.2,2204.1,704.7,560.8,161.2,1127.2,81.6,0.83,1.72,2.24,25.04,26.21,12.43,4.33,3.19,7.48,0.49
121,Green,535,Maximum,PHOTOBIO,346,8,1,1,35,999,100.08,10,0,96.1,183.6,422.8,2907.7,2456.8,1268.8,479.4,262.1,974.1,63,0.3,0.8,3.68,19.29,13.56,3.03,1.43,0.3,2.98,0
122,Green,535,Maximum,PHOTOBIO,346,8,2,1,35,999,100.08,10,0,96.5,185.1,430,2944.5,2478.8,1274.2,481.7,262.7,971,63,0.5,1.14,5.37,24.58,11.38,3.63,1.27,0.46,2.32,0
123,Green,535,Maximum,PHOTOBIO,346,8,3,1,35,999,100.08,10,0,97,182.7,422.5,2899.6,2446.9,1269.3,476.8,262,975.7,63.1,0,0.78,2.84,13.81,7.49,3.03,0.87,0.45,1.85,0.3
124,Green,535,Maximum,PHOTOBIO,346,8,4,1,35,999,100.08,10,0,96.8,181.9,417.6,2872.2,2431.7,1266.4,474.9,261.5,977.7,63.1,0.4,0.7,1.91,10.71,6.31,2.01,1.04,0.5,1.62,0.3
125,Green,535,Maximum,PHOTOBIO,260,12,1,1,35,999,100.08,10,0,83.4,175,539.7,3020.6,2354,1140.4,440.6,219,883.2,51.5,0.49,0.63,7.24,18.18,15.28,1.62,2.01,0,1.99,0.5
126,Green,535,Maximum,PHOTOBIO,260,12,2,1,35,999,100.08,10,0,83.4,175.2,537.3,3003.9,2339.2,1145,438.9,219.8,884.1,51.9,0.49,0.4,5.64,17.19,12.83,2.05,1.3,0.4,0.7,0.3
127,Green,535,Maximum,PHOTOBIO,260,12,3,1,35,999,100.08,10,0,83,174.2,525.3,2943,2294,1147.8,433.7,219.9,881.1,51,0,0.4,4.34,20.32,10.84,2.14,1.27,0.3,0.94,0
128,Green,535,Maximum,PHOTOBIO,260,12,4,1,35,999,100.08,10,0,83.1,174.4,531.4,2961.2,2306.9,1146.6,435.1,219.3,881.2,51,0.7,0.66,8.18,20.69,20.65,2.37,2.12,0.46,0.87,0
129,Green,535,Maximum,PHOTOBIO,153.2,18,1,1,35,999,100.08,10,0,61.6,123,487.2,2185.6,1642.4,690.2,320.3,128.9,989.1,55.1,0.49,0,2.09,2.33,2.8,1.25,0.46,0.3,24.6,1.37
130,Green,535,Maximum,PHOTOBIO,153.2,18,2,1,35,999,100.08,10,0,62.2,123,492.4,2188.7,1635.2,686.4,319.4,128.6,1060.8,58.7,0.4,0,2.73,7.4,4.09,2.69,0.49,0.49,49.12,2.49
131,Green,535,Maximum,PHOTOBIO,153.2,18,3,1,35,999,100.08,10,0,61.5,123,488,2182.9,1639.4,688.2,320.8,129,1024.9,57.1,0.5,0,1.79,3.78,2.01,1.25,0.4,0,20.44,1.04
132,Green,535,Maximum,PHOTOBIO,153.2,18,4,1,35,999,100.08,10,0,61.5,123,487.8,2186.9,1643.8,690.4,321.2,129,994.6,55.5,0.5,0,2.4,2.7,2.32,1.43,0.4,0,36.12,1.91
133,Green,535,Maximum,PHOTOBIO,87.4,26,1,1,35,999,100.08,10,0,40,75,324.5,1311.5,919.6,378.5,181.4,73.3,1265.8,57.5,0,0.45,1.75,3.17,1.43,0.67,0.49,0.46,59.03,1.28
134,Green,535,Maximum,PHOTOBIO,87.4,26,2,1,35,999,100.08,10,0,40,75.3,326.6,1316.4,922.2,379.6,182,74,1238.4,57,0,0.46,0.66,2.58,1.6,0.66,0.45,0,52.05,1.18
135,Green,535,Maximum,PHOTOBIO,87.4,26,3,1,35,999,100.08,10,0,40,75,326.2,1313.8,919.7,378.8,181.3,73.8,1354.2,59.6,0,0,0.75,1.72,1,0.4,0.46,0.4,32.96,0.8
136,Green,535,Maximum,PHOTOBIO,87.4,26,4,1,35,999,100.08,10,0,40,75.2,325.8,1315.6,922,380,181.7,73.6,1369.1,60,0,0.4,1.17,3.26,3.03,1,0.64,0.49,36.2,0.63
137,Green,535,Maximum,PHOTOBIO,52,35,1,1,35,999,100.08,10,0,24,45.5,198.8,800.5,555.2,228.2,110,45,597.2,30.9,0,0.5,0.4,0.67,0.75,0.4,0,0,13.52,0.3
138,Green,535,Maximum,PHOTOBIO,52,35,2,1,35,999,100.08,10,0,24,45.5,198.9,800.7,555.1,228.2,110,45,616.9,31.4,0,0.5,0.54,0.64,1.04,0.6,0,0,24.87,0.66
139,Green,535,Maximum,PHOTOBIO,52,35,3,1,35,999,100.08,10,0,24.6,45.8,199.7,802.2,555.3,228,110,45,690.6,33.1,0.49,0.4,0.46,0.75,0.9,0.45,0,0,23.16,0.3
140,Green,535,Maximum,PHOTOBIO,52,35,4,1,35,999,100.08,10,0,24,45.3,197.5,802,559.6,230.1,110.8,45,608,30.7,0,0.46,0.5,0.45,0.49,0.3,0.4,0,30.08,0.9
141,Green,535,Maximum,PHOTOBIO,33,45,1,1,35,999,100.08,10,0,17,30,137.8,526.2,350.2,143,70.1,29,540.3,23,0,0,0.4,0.4,0.4,0,0.3,0,8.11,0
142,Green,535,Maximum,PHOTOBIO,33,45,2,1,35,999,100.08,10,0,17,30,138,525,349.2,142.1,70.2,29,591.2,23.9,0,0,0,0.63,0.4,0.3,0.4,0,15.26,0.3
143,Green,535,Maximum,PHOTOBIO,33,45,3,1,35,999,100.08,10,0,17,30,138,524.7,349.1,142,70.1,29,585.9,23.6,0,0,0,0.46,0.3,0,0.3,0,22.95,0.49
144,Green,535,Maximum,PHOTOBIO,33,45,4,1,35,999,100.08,10,0,17,30,138,522.8,348.2,141.1,69.8,29,652,24,0,0,0,0.4,0.4,0.3,0.4,0,21.98,0
145,Blue,450,Minimum,PHOTOBIO,134.5,3,1,1,35,999,100.08,10,0,37.8,328.6,147.1,9.7,12.1,8,14.4,12.9,364.6,6,0.4,2.15,2.55,0.46,0.3,0,0.49,0.3,4.15,0
146,Blue,450,Minimum,PHOTOBIO,134.5,3,2,1,35,999,100.08,10,0,38.3,330.6,148.7,9.8,11.8,8,14.3,12.8,367,6,0.78,2.06,2,0.4,0.4,0,0.64,0.4,3.61,0
147,Blue,450,Minimum,PHOTOBIO,134.5,3,3,1,35,999,100.08,10,0,39.2,336.1,140.9,9.8,11.9,8,14,13,378.3,6,0.87,3.3,3.65,0.4,0.3,0,0,0,5.59,0
148,Blue,450,Minimum,PHOTOBIO,134.5,3,4,1,35,999,100.08,10,0,40.1,340.2,138.3,10.1,11.4,8,13.8,12.7,381.6,6,0.54,3.68,5.9,0.3,0.66,0,0.6,0.46,7.58,0
149,Blue,450,Minimum,PHOTOBIO,127,5,1,1,35,999,100.08,10,0,51.6,518,292.2,14.5,20.6,12,29.8,20.1,364,6,0.49,5.22,2.6,0.5,0.49,0,0.6,0.3,3.35,0
150,Blue,450,Minimum,PHOTOBIO,127,5,2,1,35,999,100.08,10,0,50.9,489.6,279.9,13.9,20,11.6,28,19.5,369,6,0.83,18.99,9.15,0.54,0.45,0.49,1.1,0.67,3.13,0
151,Blue,450,Minimum,PHOTOBIO,127,5,3,1,35,999,100.08,10,0,50.4,464.6,269.5,13.6,19.3,11.1,27,18.8,376.3,6,0.66,8.45,4.61,0.66,0.46,0.3,0.63,0.4,4.29,0
152,Blue,450,Minimum,PHOTOBIO,127,5,4,1,35,999,100.08,10,0,49.7,444.8,259.1,13.1,18.9,11,26.1,18,380.2,6,0.78,12.12,6.58,0.54,0.3,0,0.54,0.45,3.94,0
153,Blue,450,Minimum,PHOTOBIO,97,8,1,1,35,999,100.08,10,0,92.8,1115.8,285.6,19.6,19.7,22.4,24.7,35.8,298.1,4,0.98,14.77,2.5,0.49,0.46,0.49,0.46,0.6,2.02,0
154,Blue,450,Minimum,PHOTOBIO,97,8,2,1,35,999,100.08,10,0,92.7,1116.8,288.1,19.2,19.9,22.3,25.8,36.5,303.1,4,1.27,16.7,1.58,0.75,0.3,0.46,0.4,0.5,2.84,0
155,Blue,450,Minimum,PHOTOBIO,97,8,3,1,35,999,100.08,10,0,92.6,1110.5,289.8,19.6,19.6,22.2,25.3,36,302.9,4,1.02,15.19,2.23,0.49,0.49,0.6,0.46,0.89,2.02,0
156,Blue,450,Minimum,PHOTOBIO,97,8,4,1,35,999,100.08,10,0,91.9,1095.7,289.6,19.3,19.9,21.8,25.6,35.7,304.1,4,1.7,24.29,1.85,0.46,0.3,0.4,0.49,0.78,3.36,0
157,Blue,450,Minimum,PHOTOBIO,55.5,12,1,1,35,999,100.08,10,0,169.5,1056.1,127.8,18.7,19,26.9,27.9,28,203.2,2,1.86,7.27,1.08,0.46,0,0.3,0.3,0,2.56,0
158,Blue,450,Minimum,PHOTOBIO,55.5,12,2,1,35,999,100.08,10,0,170.6,1057.6,128.3,18.8,18.9,26.8,27.7,28,202.9,2,3.41,7.36,1.19,0.4,0.3,0.4,0.46,0,3.08,0
159,Blue,450,Minimum,PHOTOBIO,55.5,12,3,1,35,999,100.08,10,0,169.1,1052.8,127.9,18.4,18.7,26.8,27,27.7,199.3,2,2.7,8.8,0.94,0.49,0.46,0.4,0.77,0.46,2.87,0
160,Blue,450,Minimum,PHOTOBIO,55.5,12,4,1,35,999,100.08,10,0,167.2,1054.9,128,18.6,18.8,26.8,27.6,27.8,200.1,2,3.4,8.6,1.1,0.49,0.4,0.4,0.66,0.4,2.59,0
161,Blue,450,Minimum,PHOTOBIO,37.3,18,1,1,35,999,100.08,10,0,152.7,730.3,81,14.7,14.6,20.8,24,19.7,213.1,1,1.1,5.53,0.77,0.46,0.49,0.4,0,0.46,2.12,0
162,Blue,450,Minimum,PHOTOBIO,37.3,18,2,1,35,999,100.08,10,0,154.1,727.6,80.2,14.4,14.6,21,23.8,19.7,217.1,1,1.64,5.75,0.6,0.49,0.49,0,0.4,0.46,4.37,0
163,Blue,450,Minimum,PHOTOBIO,37.3,18,3,1,35,999,100.08,10,0,157.5,731.2,79.9,14.8,14.9,21,23.9,19.9,231.6,1,1.02,4.04,0.83,0.4,0.3,0,0.3,0.3,2.87,0
164,Blue,450,Minimum,PHOTOBIO,37.3,18,4,1,35,999,100.08,10,0,154.8,729.5,80.3,14.7,15,21,23.9,19.9,226.9,1,1.33,4.36,0.46,0.46,0,0,0.3,0.3,2.47,0
165,Blue,450,Minimum,PHOTOBIO,21.2,26,1,1,35,999,100.08,10,0,115.6,416.1,39.2,9.9,9,13,15.8,11.9,172.7,1,1.11,3.11,0.4,0.3,0,0,0.4,0.3,11.47,0
166,Blue,450,Minimum,PHOTOBIO,21.2,26,2,1,35,999,100.08,10,0,119.7,409.3,37.7,9.9,9,13.8,16.8,11.9,237.4,1,1.19,3.85,0.78,0.3,0,0.4,0.4,0.3,15.74,0
167,Blue,450,Minimum,PHOTOBIO,21.2,26,3,1,35,999,100.08,10,0,120.2,407.4,37.2,9.9,9,13.7,17,12,251.4,1,0.98,3.32,0.6,0.3,0,0.46,0,0,5.64,0
168,Blue,450,Minimum,PHOTOBIO,21.2,26,4,1,35,999,100.08,10,0,120.4,407.1,37.1,10,9,13.8,16.7,12,252.1,1,1.11,3.08,0.3,0,0,0.4,0.46,0,6.67,0
169,Blue,450,Minimum,PHOTOBIO,13,35,1,1,35,999,100.08,10,0,72.3,247.1,22.2,6,6,8,9.9,7,97.5,0,0.46,1.7,0.4,0,0,0,0.3,0,2.87,0
170,Blue,450,Minimum,PHOTOBIO,13,35,2,1,35,999,100.08,10,0,72.7,249.4,22.5,6,6,8,9.8,7,97.6,0,0.78,2.06,0.5,0,0,0,0.4,0,1.74,0
171,Blue,450,Minimum,PHOTOBIO,13,35,3,1,35,999,100.08,10,0,73.4,249.8,22.6,6,6,8,10,7,102.1,0,0.66,1.99,0.49,0,0,0,0,0,3.88,0
172,Blue,450,Minimum,PHOTOBIO,13,35,4,1,35,999,100.08,10,0,73.7,250.4,22.7,6,6,8,9.9,7,103.7,0,0.46,1.91,0.46,0,0,0,0.3,0,0.9,0
173,Blue,450,Minimum,PHOTOBIO,8,45,1,1,35,999,100.08,10,0,52.4,154.8,12.9,4.5,4,5,8,5,165.1,0,0.49,1.08,0.3,0.5,0,0,0,0,3.33,0
174,Blue,450,Minimum,PHOTOBIO,8,45,2,1,35,999,100.08,10,0,52.2,154.7,12.8,4.5,4,5,8,5,165.2,0,0.75,1.19,0.4,0.5,0,0,0,0,2.18,0
175,Blue,450,Minimum,PHOTOBIO,8,45,3,1,35,999,100.08,10,0,52.5,154.9,13,4.5,4,5,8,5,165.9,0,0.5,1.37,0,0.5,0,0,0,0,2.21,0
176,Blue,450,Minimum,PHOTOBIO,8,45,4,1,35,999,100.08,10,0,52.2,155.6,12.7,4.7,4,5,8,5,152.1,0,0.6,1.28,0.46,0.46,0,0,0,0,3.24,0
177,Blue,450,Maximum,PHOTOBIO,413,1,1,1,35,999,100.08,10,0,10.3,99.7,91.7,12,10.3,5,10.9,10,77.8,5.9,0.46,1.85,1.35,0,0.46,0,0.3,0,2.44,0.3
178,Blue,450,Maximum,PHOTOBIO,413,1,2,1,35,999,100.08,10,0,10,97.4,90.3,11.1,10,5,10,9.3,84.7,6,0,0.49,0.46,0.3,0,0,0,0.46,1,0
179,Blue,450,Maximum,PHOTOBIO,413,1,3,1,35,999,100.08,10,0,10.2,99.6,92.6,11.7,10.2,5,10.5,10,83.7,6,0.4,1.85,2.01,0.46,0.4,0,0.5,0,1.85,0
180,Blue,450,Maximum,PHOTOBIO,413,1,4,1,35,999,100.08,10,0,11,102.1,94.8,12,11,5.6,11,10,80.7,6,0,0.94,0.98,0,0,0.49,0,0,1.68,0
181,Blue,450,Maximum,PHOTOBIO,465,3,1,1,35,999,100.08,10,0,103.8,1625.4,1332.5,50.4,75,34.7,94.7,60.9,865.1,23,0.87,13.92,9.81,0.49,0.45,0.46,0.46,0.7,3.99,0
182,Blue,450,Maximum,PHOTOBIO,465,3,2,1,35,999,100.08,10,0,104.7,1635.1,1337,50.6,74.8,34.7,94.5,60.8,870.7,23,1.19,18.67,13.71,0.49,0.6,0.46,0.5,0.6,5.4,0
183,Blue,450,Maximum,PHOTOBIO,465,3,3,1,35,999,100.08,10,0,104.9,1638.6,1338.9,50.5,75,34.8,94.7,61,872.8,23.1,1.81,32.55,23.86,0.92,1,0.87,0.9,1.26,10.53,0.3
184,Blue,450,Maximum,PHOTOBIO,465,3,4,1,35,999,100.08,10,0,100.8,1549.6,1278.2,48.5,73.3,33.3,92.6,59.2,893.3,23.7,1.33,32.34,21.19,0.67,0.46,0.64,0.66,0.6,6.74,0.46
185,Blue,450,Maximum,PHOTOBIO,413,5,1,1,35,999,100.08,10,0,242.8,4154,1605,78.3,86,77.5,104.1,148,1053.2,21,0.98,26.75,1.95,0.46,0,0.5,0.3,0.63,2.48,0
186,Blue,450,Maximum,PHOTOBIO,413,5,2,1,35,999,100.08,10,0,240.6,4070.9,1595.9,77.1,85.9,76.2,103.5,145.8,1058,21,0.66,20.34,6.02,0.3,0.3,0.4,0.5,0.6,1.55,0
187,Blue,450,Maximum,PHOTOBIO,413,5,3,1,35,999,100.08,10,0,235.2,3898.8,1581.9,74.9,85.6,73.7,102.7,141.1,1070.3,21,2.6,87.8,3.78,1.04,0.49,1.1,0.46,1.92,5.83,0
188,Blue,450,Maximum,PHOTOBIO,413,5,4,1,35,999,100.08,10,0,237.6,3969.2,1580.2,75.6,85.3,74.8,103,143,1063.5,21,1.69,46.84,3.74,0.49,0.46,0.75,0,1.18,3.88,0
189,Blue,450,Maximum,PHOTOBIO,378,8,1,1,35,999,100.08,10,0,338.1,5818.9,1306.7,96.6,87.7,101.6,115.8,176.2,1099.9,18,10.42,193.47,7.75,1.11,1.68,2.29,3.16,2.64,6.35,0
190,Blue,450,Maximum,PHOTOBIO,378,8,2,1,35,999,100.08,10,0,315,5364.3,1330,92.3,83.4,97,109.8,169.5,1095.3,18,5.55,106.47,5.57,1.42,1.11,1.41,1.6,2.06,4.84,0
191,Blue,450,Maximum,PHOTOBIO,378,8,3,1,35,999,100.08,10,0,300.7,5122.4,1345.8,89.3,81.3,93.6,106.4,164.7,1106.2,18,2.57,43.84,3.43,0.64,0.46,0.8,0.66,0.78,2.86,0
192,Blue,450,Maximum,PHOTOBIO,378,8,4,1,35,999,100.08,10,0,291.4,4970.9,1355.9,87.4,80.3,91.2,104.5,162.5,1114.6,18,2.15,37.72,2.51,0.66,0.64,0.75,0.81,0.81,3.98,0
193,Blue,450,Maximum,PHOTOBIO,271,12,1,1,35,999,100.08,10,0,408.4,5360.9,876.4,79.4,77.6,99.1,111.1,144,931,12,4.67,9.44,1.43,0.49,0.8,0.7,0.7,0,1.1,0
194,Blue,450,Maximum,PHOTOBIO,271,12,2,1,35,999,100.08,10,0,410.6,5368.3,877.1,79.7,77.7,99.3,111.2,144.1,932,12,7.88,10.12,1.87,0.46,1,0.78,0.75,0.3,1.1,0
195,Blue,450,Maximum,PHOTOBIO,271,12,3,1,35,999,100.08,10,0,399,5364.8,882.6,79.6,77.5,98.4,110.3,144.5,934.9,12,10,18.56,2.46,0.49,1.36,1.56,1.35,0.5,0.83,0
196,Blue,450,Maximum,PHOTOBIO,271,12,4,1,35,999,100.08,10,0,412.3,5399.8,881.5,79.8,78.1,100.4,111.1,145.4,935.8,12,14.13,23.02,1.75,0.4,0.7,1.69,1.22,0.49,0.75,0
197,Blue,450,Maximum,PHOTOBIO,156.3,18,1,1,35,999,100.08,10,0,445.7,3152.7,423.7,50.3,56,76.7,86.2,79,759.8,6.1,7.36,4.61,4.1,0.46,0,0.64,0.6,0,23.26,0.3
198,Blue,450,Maximum,PHOTOBIO,156.3,18,2,1,35,999,100.08,10,0,447.5,3160.2,423.3,50.3,55.8,76.7,85.1,78.6,743.1,6.1,11.33,4.14,6.02,0.46,0.4,0.78,1.22,0.49,34.11,0.3
199,Blue,450,Maximum,PHOTOBIO,156.3,18,3,1,35,999,100.08,10,0,456.2,3149.1,417.5,50.7,56,77,86.1,78.4,775,6.4,3.84,5.41,2.73,0.46,0,0,0.7,0.49,17.09,0.49
200,Blue,450,Maximum,PHOTOBIO,156.3,18,4,1,35,999,100.08,10,0,444.5,3140.2,421.4,50.2,55.6,76.4,85.7,78.4,754.8,6.4,8.16,6.03,4.45,0.4,0.49,0.66,0.9,0.49,32.29,0.49
201,Blue,450,Maximum,PHOTOBIO,90.6,26,1,1,35,999,100.08,10,0,312.9,1798.3,208,31,33.2,48,55,44.4,516.1,3,1.14,2.83,1.18,0,0.4,0,0,0.49,11.44,0
202,Blue,450,Maximum,PHOTOBIO,90.6,26,2,1,35,999,100.08,10,0,313.7,1802.9,208.6,31,33.8,48,55.1,44.8,518.6,3.1,1.9,3.45,1.62,0,0.4,0,0.3,0.4,17.74,0.3
203,Blue,450,Maximum,PHOTOBIO,90.6,26,3,1,35,999,100.08,10,0,307.3,1807.6,212.5,30.4,33.3,47.5,54.3,45,479.2,3.1,4.22,4.43,2.87,0.49,0.46,0.5,0.9,0,41.1,0.3
204,Blue,450,Maximum,PHOTOBIO,90.6,26,4,1,35,999,100.08,10,0,311.6,1804.9,210.1,30.9,33.2,47.8,54.9,45,496.5,3.1,3.35,3.18,2.26,0.3,0.4,0.4,0.54,0,21.16,0.3
205,Blue,450,Maximum,PHOTOBIO,52.45,35,1,1,35,999,100.08,10,0,185.8,1091.1,127.3,18.8,20.5,28.7,33.2,27,216.7,1.3,4.26,2.77,2.79,0.4,0.5,0.46,0.4,0,9.64,0.46
206,Blue,450,Maximum,PHOTOBIO,52.45,35,2,1,35,999,100.08,10,0,188.4,1095.4,127.1,19,21,28.7,33.7,27,232.1,1.7,3.88,2.15,2.12,0,0,0.46,0.46,0,17.39,0.46
207,Blue,450,Maximum,PHOTOBIO,52.45,35,3,1,35,999,100.08,10,0,191,1098.5,126,19,21,29,34,27,229.1,1.9,0.89,0.92,0.89,0,0,0,0,0,4.76,0.3
208,Blue,450,Maximum,PHOTOBIO,52.45,35,4,1,35,999,100.08,10,0,187.9,1098.8,127.8,19,21,29,33.6,27,216.6,1.2,1.22,0.87,0.6,0,0,0,0.49,0,5.37,0.4
209,Blue,450,Maximum,PHOTOBIO,32,45,1,1,35,999,100.08,10,0,139.4,688.7,67.8,13,14,20,24.6,18,317.9,1,0.8,1.1,0.4,0,0,0,0.49,0,13.68,0
210,Blue,450,Maximum,PHOTOBIO,32,45,2,1,35,999,100.08,10,0,138,690.9,68.3,13,14,20,24,18,289.3,1,0.45,0.54,0.46,0,0,0,0,0,9.55,0
211,Blue,450,Maximum,PHOTOBIO,32,45,3,1,35,999,100.08,10,0,136.7,691.6,69.1,13,14,20,24,18,260.4,1,0.64,0.49,0.3,0,0,0,0,0,8.63,0
212,Blue,450,Maximum,PHOTOBIO,32,45,4,1,35,999,100.08,10,0,135.4,692.6,69.9,13,14,19.9,23.9,18,233.7,1,0.92,1.11,0.3,0,0,0.3,0.3,0,16.31,0
